Date,CommitHash,Benchmark_Name,Metric_Value,Unit,Delta_From_Last
2026-10-02 08:41:07,7241b38,Static_Extraction_OPS,344.83,ops/s,0.0
2026-10-02 08:41:07,7241b38,Expanding_Extraction_OPS,23.42,ops/s,0.0
2026-10-02 08:41:07,7241b38,Sliding_Extraction_OPS,32.47,ops/s,0.0
2026-10-02 08:44:17,7241b38,Static_Extraction_OPS,303.03,ops/s,-12.12
2026-10-02 08:44:17,7241b38,Expanding_Extraction_OPS,22.94,ops/s,-2.05
2026-10-02 08:44:17,7241b38,Sliding_Extraction_OPS,32.36,ops/s,-0.34
2026-10-02 08:44:57,7241b38,Static_Extraction_OPS,263.16,ops/s,-13.16
2026-10-02 08:44:57,7241b38,Expanding_Extraction_OPS,20.04,ops/s,-12.64
2026-10-02 08:44:57,7241b38,Sliding_Extraction_OPS,31.45,ops/s,-2.81
2026-10-02 10:05:33,bb2d1514ff1982fa9236feb2148749bf386445d5,test_bench_compare_tsfast,0.000430234933995382,seconds,0.0
2026-10-02 10:05:33,bb2d1514ff1982fa9236feb2148749bf386445d5,test_bench_compare_tsfresh,0.041221393260852696,seconds,0.0
2026-10-02 10:05:33,bb2d1514ff1982fa9236feb2148749bf386445d5,test_bench_compare_tsfel,0.22690466060003017,seconds,0.0
2026-10-02 10:05:33,bb2d1514ff1982fa9236feb2148749bf386445d5,test_bench_expanding_initial_batch,0.0001702467291812185,seconds,0.0
2026-10-02 10:05:33,bb2d1514ff1982fa9236feb2148749bf386445d5,test_bench_expanding_incremental_update_10cols,0.004117435432951509,seconds,0.0
2026-10-02 10:05:33,bb2d1514ff1982fa9236feb2148749bf386445d5,test_bench_expanding_full_stream_20_chunks,0.007474714342107977,seconds,0.0
2026-10-02 10:05:33,bb2d1514ff1982fa9236feb2148749bf386445d5,test_bench_select_features_supervised,0.053346103894790234,seconds,0.0
2026-10-02 10:05:33,bb2d1514ff1982fa9236feb2148749bf386445d5,test_bench_select_features_unsupervised,0.0005294581961869365,seconds,0.0
2026-10-02 10:05:33,bb2d1514ff1982fa9236feb2148749bf386445d5,test_bench_sliding_window200_stride50,0.0036630013967188153,seconds,0.0
2026-10-02 10:05:33,bb2d1514ff1982fa9236feb2148749bf386445d5,test_bench_sliding_single_chunk_stride50,0.0001763915807998904,seconds,0.0
2026-10-02 10:05:33,bb2d1514ff1982fa9236feb2148749bf386445d5,test_bench_static_single_series_basic,0.0001640748716939366,seconds,0.0
2026-10-02 10:05:33,bb2d1514ff1982fa9236feb2148749bf386445d5,test_bench_static_single_series_advanced,0.00022213196789675025,seconds,0.0
2026-10-02 10:05:33,bb2d1514ff1982fa9236feb2148749bf386445d5,test_bench_static_single_series_30_features,0.0003143660900932432,seconds,0.0
2026-10-02 10:05:33,bb2d1514ff1982fa9236feb2148749bf386445d5,test_bench_static_batched_100_series,0.0017870854275541803,seconds,0.0
2026-10-02 10:05:33,bb2d1514ff1982fa9236feb2148749bf386445d5,test_bench_static_batched_1000_series,0.013682201513174013,seconds,0.0
