feature,static_us,sliding_us,expanding_us,reference,reference_us,speedup
abs_max,1.589,0.806,5.922,tsfresh,6.150,3.869
abs_sum_change,2.325,0.791,5.276,tsfresh,12.226,5.260
agg_autocorrelation-max-5,2.757,1.497,10.331,tsfresh,102.939,37.332
agg_autocorrelation-mean-10,2.601,1.287,9.043,tsfresh,110.341,42.423
agg_autocorrelation-var-5,2.524,1.481,9.585,tsfresh,117.365,46.507
agg_linear_trend-intercept-5-max,2.273,1.036,5.776,tsfresh,714.722,314.442
agg_linear_trend-rvalue-5-var,2.203,1.066,6.347,tsfresh,1806.609,819.927
agg_linear_trend-slope-10-mean,2.061,0.883,6.158,tsfresh,742.306,360.164
approx_entropy-2-0.1,111.856,80.011,107.756,tsfresh,9763.451,87.286
approx_entropy-2-0.5,109.550,80.306,107.663,tsfresh,9823.900,89.675
ar_coefficient-10-0,7.884,3.743,9.553,tsfresh,2225.638,282.315
ar_coefficient-10-1,7.783,3.745,9.493,tsfresh,2191.681,281.590
auc,4.259,0.864,5.831,tsfel,25.805,6.059
augmented_dickey_fuller-pvalue,161.801,119.828,147.805,tsfresh,8140.601,50.313
augmented_dickey_fuller-teststat,163.777,119.121,146.913,tsfresh,9179.905,56.051
augmented_dickey_fuller-usedlag,162.489,118.815,149.566,tsfresh,8299.087,51.075
autocorr-1,2.510,1.281,10.150,tsfresh,74.135,29.535
autocorr-3,2.635,1.275,9.644,tsfresh,72.681,27.578
autocorr_lag1,2.015,0.905,5.797,tsfresh,74.043,36.743
autocorrelation,2.738,1.403,9.732,tsfel,79.599,29.073
benford_correlation,12.666,4.857,14.544,tsfresh,1834.694,144.849
biased_fisher_kurtosis,2.052,0.779,5.562,tsfel,713.365,347.578
biased_skewness,2.961,0.821,7.109,tsfel,709.798,239.718
binned_entropy__max_bins_5,2.586,1.372,5.015,tsfresh,117.929,45.602
c3-1,1.889,0.802,6.493,tsfresh,18.555,9.825
c3-2,1.901,0.847,6.002,tsfresh,17.580,9.248
calc_centroid-100,2.192,0.748,5.833,tsfel,15.322,6.991
calc_centroid-50,2.246,0.737,6.316,tsfel,20.495,9.124
change_quantiles-0-1-False-var,3.143,2.037,7.285,tsfresh,1158.932,368.707
change_quantiles-0.2-0.8-True-mean,3.122,1.876,7.532,tsfresh,1108.547,355.096
cid_ce,2.022,0.789,5.880,tsfresh,8.524,4.215
count_above_mean,4.191,0.935,6.136,tsfresh,11.810,2.818
count_below_mean,2.265,0.951,5.781,tsfresh,13.325,5.882
"cwt_coefficients__coeff_3__w_5__widths_(2, 5, 10, 20)",16.198,9.108,14.837,tsfresh,1160.333,71.633
ecdf-10,1.973,0.760,6.077,tsfel,12.919,6.548
ecdf-3,1.500,0.733,5.563,tsfel,11.803,7.867
ecdf_percentile-0.5,2.676,1.143,7.709,tsfel,154.703,57.809
ecdf_percentile_count-0.5,4.754,1.840,13.149,tsfel,166.103,34.942
ecdf_slope-0.2-0.5,7.656,2.262,12.849,tsfel,122.505,16.002
energy,2.735,0.785,5.411,tsfresh,1.913,0.699
energy_ratio_by_chunks_num_segments_3__segment_focus_1,2.097,0.864,4.890,tsfresh,33.925,16.181
energy_ratio_by_chunks_num_segments_4__segment_focus_3,1.959,0.863,5.964,tsfresh,41.402,21.131
entropy,4.963,3.571,7.548,tsfel,73.321,14.773
fft_coeff-0-real,2.477,1.213,10.371,tsfresh,21.794,8.800
fft_coeff-1-imag,2.274,1.146,10.042,tsfresh,21.661,9.527
fft_coeff-2-angle,2.418,1.183,10.806,tsfresh,24.882,10.290
fft_coeff-3-abs,2.527,1.204,9.899,tsfresh,22.958,9.087
first_loc_max,2.351,1.071,5.159,tsfresh,3.491,1.485
first_loc_min,2.230,1.046,6.322,tsfresh,7.069,3.170
friedrich_coefficients-3-30-0,9.288,4.398,11.041,tsfresh,7106.618,765.179
friedrich_coefficients-3-30-3,9.390,4.414,10.993,tsfresh,7217.401,768.646
has_duplicate,4.096,2.478,6.950,tsfresh,15.194,3.710
has_duplicate_max,2.336,0.841,5.240,tsfresh,12.214,5.227
has_duplicate_min,2.370,0.834,5.359,tsfresh,12.221,5.157
higuchi_fd,10.320,4.911,9.141,tsfel,7018.974,680.153
human_range_energy-100,4.912,1.245,10.597,tsfel,47.160,9.601
index_mass_quantile-0.5,2.105,0.935,6.423,tsfresh,22.805,10.836
index_mass_quantile-0.9,3.570,0.987,5.656,tsfresh,22.731,6.367
intercept,1.908,0.730,5.544,tsfresh,562.779,294.947
iqr,2.867,1.727,6.219,tsfel,164.359,57.322
kurtosis,2.921,0.738,6.170,tsfresh,120.829,41.370
large_standard_deviation-0.05,1.890,0.773,6.071,tsfresh,32.031,16.948
last_loc_max,2.241,1.046,5.790,tsfresh,6.424,2.866
last_loc_min,3.860,1.600,11.771,tsfresh,9.559,2.476
length,1.633,0.764,5.538,tsfresh,0.291,0.178
linear_trend-intercept,1.921,0.770,5.745,tsfresh,575.076,299.427
linear_trend-pvalue,2.206,0.842,5.787,tsfresh,571.365,258.950
linear_trend-rvalue,1.985,0.718,5.667,tsfresh,591.600,298.103
linear_trend-slope,2.337,0.742,5.625,tsfresh,562.387,240.651
linear_trend-stderr,1.856,0.730,5.977,tsfresh,572.209,308.342
longest_strike_above_mean,2.216,0.906,5.285,tsfresh,550.625,248.441
longest_strike_below_mean,4.808,0.937,5.605,tsfresh,590.504,122.809
lpcc-0,6.776,3.612,14.982,tsfel,267.902,39.535
lpcc-3,6.625,3.596,14.450,tsfel,263.440,39.766
mad,2.074,0.789,5.061,tsfel,17.659,8.514
matrix_profile-10-max,644.600,523.361,668.179,stumpy,1997.393,3.099
matrix_profile-10-mean,657.176,501.388,657.588,stumpy,2024.410,3.080
matrix_profile-10-min,659.809,503.111,662.020,stumpy,2042.519,3.096
max_langevin_fixed_point-3-30,9.731,4.706,12.165,tsfresh,7171.910,737.054
max_power_spectrum,3.764,2.007,7.399,tsfel,541.475,143.852
max_value,2.363,0.766,5.547,tsfresh,5.531,2.341
mean,2.051,0.779,7.423,tsfresh,9.834,4.794
mean_abs_change,1.982,0.812,5.832,tsfresh,15.296,7.719
mean_change,2.674,0.784,5.510,tsfresh,0.913,0.341
mean_n_absolute_max-7,2.591,1.091,6.588,tsfresh,14.894,5.749
mean_second_derivative_central,1.717,0.732,5.416,tsfresh,1.218,0.709
median,2.716,1.060,5.576,tsfresh,33.089,12.184
median_abs_deviation,3.746,1.387,6.773,tsfel,577.478,154.160
median_abs_diff,2.370,1.142,6.181,tsfel,40.901,17.257
median_diff,2.403,1.101,6.213,tsfel,40.690,16.930
mfcc-0,10.744,4.887,13.781,tsfel,1128.281,105.018
mfcc-3,10.651,4.864,13.556,tsfel,1176.497,110.463
min_value,1.718,0.761,5.605,tsfresh,5.332,3.105
negative_turning,1.959,0.744,5.515,tsfel,17.163,8.762
number_crossing_m__m_0,1.937,0.753,5.413,tsfresh,8.673,4.478
number_crossing_m__m_0.5,1.812,0.766,6.123,tsfresh,8.250,4.554
number_cwt_peaks__n_1,16.983,8.187,21.687,tsfresh,5313.946,312.902
number_cwt_peaks__n_5,52.087,33.077,55.500,tsfresh,7175.505,137.759
number_peaks__n_1,2.072,1.054,5.345,tsfresh,16.155,7.798
number_peaks__n_3,2.286,1.110,5.770,tsfresh,33.847,14.807
paa-3-2,1.883,0.796,7.637,,,
paa-4-1,1.864,0.746,6.972,,,
partial_autocorr-1,2.738,1.534,9.997,tsfresh,88.777,32.423
partial_autocorr-2,2.667,1.543,11.269,tsfresh,104.310,39.112
peak_count,2.043,0.739,5.482,tsfresh,16.224,7.942
percentage_of_reoccurring_datapoints_to_all_datapoints,4.304,0.781,4.956,tsfresh,526.318,122.287
percentage_of_reoccurring_values_to_all_values,4.210,0.774,5.870,tsfresh,39.741,9.440
permutation_entropy-1-3,12.660,7.113,18.758,tsfresh,367.152,29.001
permutation_entropy-1-5,19.939,10.168,24.816,tsfresh,494.818,24.817
pk_pk_distance,1.832,0.761,5.391,tsfel,9.607,5.245
positive_turning,2.341,0.759,5.507,tsfel,17.134,7.319
quantile-0.25,2.966,1.604,6.398,tsfresh,85.155,28.710
quantile-0.9,2.776,1.595,6.111,tsfresh,80.557,29.019
query_similarity_count-10-0.5,9.841,4.507,8.691,tsfresh,1195.929,121.526
ratio_beyond_r_sigma-1.5,3.875,0.771,5.625,tsfresh,41.270,10.651
ratio_value_number_to_time_series_length,4.201,0.790,5.851,tsfresh,15.351,3.654
rms,1.609,0.767,5.582,tsfel,8.004,4.976
root_mean_square,1.950,0.742,5.220,tsfresh,13.530,6.940
sample_entropy,28.120,17.077,25.754,tsfresh,15489.010,550.816
signal_distance,2.078,0.887,6.191,tsfel,21.850,10.515
skewness,3.109,0.788,5.761,tsfresh,101.289,32.583
slope,1.565,0.779,5.740,tsfel,90.587,57.870
slope_sign_change,2.368,0.843,6.021,,,
spectral_centroid,2.495,1.189,10.846,tsfel,34.882,13.982
spectral_decrease,2.340,1.181,10.112,tsfel,48.240,20.614
spectral_distance,2.549,1.408,11.001,tsfel,50.495,19.808
spectral_entropy,2.800,1.579,10.233,tsfel,61.626,22.009
spectral_kurtosis,2.371,1.172,10.123,tsfel,210.586,88.810
spectral_roll_off,2.307,1.171,10.217,tsfel,45.743,19.831
spectral_roll_on,2.481,1.154,9.947,tsfel,46.606,18.786
spectral_skewness,2.381,1.176,10.339,tsfel,239.560,100.592
spectral_slope,2.295,1.201,10.667,tsfel,44.974,19.595
spectral_spread,2.508,1.275,10.574,tsfel,70.437,28.086
spectrogram-2-0.5,3.242,1.202,11.056,,,
spkt_welch_density__coeff_2,4.291,2.166,11.723,tsfresh,440.333,102.624
spkt_welch_density__coeff_5,3.872,2.225,11.879,tsfresh,431.675,111.497
std_dev,1.404,0.742,5.835,tsfresh,20.748,14.781
sum_of_reoccurring_data_points,10.277,4.193,13.781,tsfresh,40.653,3.956
sum_of_reoccurring_values,10.596,4.288,14.372,tsfresh,94.863,8.953
symmetry_looking-0.05,4.047,1.088,6.385,tsfresh,59.509,14.703
time_reversal_asymmetry-1,2.019,0.846,7.211,tsfresh,20.780,10.294
time_reversal_asymmetry-2,2.414,0.820,5.606,tsfresh,20.672,8.564
total_sum,2.079,0.799,6.598,tsfresh,5.403,2.599
turning_points,1.819,0.726,5.394,,,
value_count-0,1.642,0.799,6.196,tsfresh,3.908,2.381
value_count-1,1.667,0.746,5.476,tsfresh,3.924,2.354
variance,2.491,1.197,6.627,tsfresh,19.387,7.782
variance_larger_than_standard_deviation,1.798,0.734,5.463,tsfresh,19.903,11.071
variation_coefficient,1.784,0.731,6.046,tsfresh,31.553,17.689
wavelet-0.5-1,2.279,0.806,5.828,,,
wavelet_energy-0,105.331,74.345,90.609,tsfel,1415.556,13.439
wavelet_energy-3,103.426,74.082,94.351,tsfel,1497.198,14.476
wavelet_entropy,103.114,73.886,93.835,tsfel,1326.524,12.865
zero_cross,1.829,0.782,5.733,tsfel,10.688,5.845
zero_crossing_mean,2.282,1.101,5.830,,,
zero_crossing_rate,2.073,0.801,5.563,,,
zero_crossing_std,2.354,1.192,6.224,,,
